City_ID,City,Country,Lat,Lng,Max Temp,Humidity,Cloudiness,Wind Speed,Current Description
0,Amalapuram,IN,16.5833,82.0167,72.21,88,3,4.03,clear sky
1,Mahebourg,MU,-20.4081,57.7,74.25,83,40,2.3,scattered clouds
2,Norman Wells,CA,65.282,-126.8329,1.35,93,100,2.68,light snow
3,Nome,US,64.5011,-165.4064,24.87,81,100,10.36,snow
4,Mataura,NZ,-46.1927,168.8643,50.49,53,81,6.93,broken clouds
5,Flinders,AU,-34.5833,150.8552,66.06,79,100,4.0,overcast clouds
6,Albany,US,42.6001,-73.9662,51.26,93,100,1.01,moderate rain
7,Busselton,AU,-33.65,115.3333,62.08,81,99,9.28,overcast clouds
8,Arlit,NE,18.7369,7.3853,71.51,19,0,7.09,clear sky
9,Bud,US,39.447,-86.1758,36.46,59,0,17.22,clear sky
10,Atuona,PF,-9.8,-139.0333,77.9,74,54,16.15,broken clouds
11,Torbay,CA,47.6666,-52.7314,23.5,83,19,3.0,few clouds
12,Butaritari,KI,3.0707,172.7902,81.28,76,15,12.84,few clouds
13,Saint-Philippe,RE,-21.3585,55.7679,74.79,78,30,8.97,scattered clouds
14,Port Alfred,ZA,-33.5906,26.891,66.18,95,100,5.32,overcast clouds
15,Namibe,AO,-15.1961,12.1522,70.65,71,80,2.89,broken clouds
16,Esso,RU,55.9333,158.7,16.75,98,99,1.41,light snow
17,Kapaa,US,22.0752,-159.319,82.72,74,0,14.97,clear sky
18,Port Augusta,AU,-32.5,137.7667,64.2,56,15,7.9,few clouds
19,Kloulklubed,PW,7.0419,134.2556,77.5,76,100,16.87,overcast clouds
20,Vaini,TO,-21.2,-175.2,82.56,78,75,4.61,broken clouds
21,Victoria,HK,22.2855,114.1577,63.32,77,100,18.01,overcast clouds
22,Altay,CN,47.8667,88.1167,4.06,55,100,6.35,overcast clouds
23,Tantoyuca,MX,21.35,-98.2333,78.57,74,94,4.72,overcast clouds
24,Rawson,AR,-43.3002,-65.1023,68.4,45,32,22.37,scattered clouds
25,Chukhloma,RU,58.7525,42.6825,8.82,97,23,2.3,few clouds
26,Camacha,PT,33.0833,-16.3333,63.82,77,20,12.66,few clouds
27,Lorengau,PG,-2.0226,147.2712,81.77,77,97,4.25,overcast clouds
28,Luorong,CN,24.4058,109.6086,40.28,85,100,14.05,overcast clouds
29,Luderitz,NA,-26.6481,15.1594,63.23,79,0,10.8,clear sky
30,Dikson,RU,73.5069,80.5464,22.23,95,100,11.63,overcast clouds
31,Tirumullaivasal,IN,11.2333,79.8333,76.71,87,72,7.38,heavy intensity rain
32,Challans,FR,46.8436,-1.8749,43.72,91,0,10.67,clear sky
33,Alta Floresta,BR,-9.8756,-56.0861,84.63,60,59,5.26,broken clouds
34,Vila Velha,BR,-20.3297,-40.2925,76.95,94,100,6.91,moderate rain
35,Nyurba,RU,63.2842,118.3319,-24.39,97,99,5.26,overcast clouds
36,Raga,SS,8.4596,25.678,80.35,37,99,3.94,overcast clouds
37,Poum,NC,-20.2333,164.0167,81.59,81,53,16.28,broken clouds
38,Cap-Aux-Meules,CA,47.3821,-61.8597,36.86,65,100,23.29,overcast clouds
39,Esperance,AU,-33.8667,121.9,65.25,63,20,13.69,few clouds
40,Dieppe,FR,49.75,1.1667,40.19,89,27,4.92,scattered clouds
41,Jamestown,US,42.097,-79.2353,35.19,70,100,24.16,overcast clouds
42,Bluff,NZ,-46.6,168.3333,50.81,84,96,16.89,overcast clouds
43,Upernavik,GL,72.7868,-56.1549,7.77,90,100,17.18,overcast clouds
44,Kodiak,US,57.79,-152.4072,29.84,54,99,4.14,overcast clouds
45,Port Elizabeth,ZA,-33.918,25.5701,67.1,91,36,5.01,scattered clouds
46,Pangkalanbuun,ID,-2.6833,111.6167,73.71,98,100,2.86,overcast clouds
47,Hobart,AU,-42.8794,147.3294,54.27,62,75,9.22,broken clouds
48,Sur,OM,22.5667,59.5289,74.17,55,97,2.24,overcast clouds
49,Hasaki,JP,35.7333,140.8333,52.29,74,100,21.59,overcast clouds
50,Sobolevo,RU,54.4299,31.8996,19.09,88,100,7.29,overcast clouds
51,Ponta Do Sol,PT,32.6667,-17.1,66.13,75,6,2.04,clear sky
52,Provideniya,RU,64.3833,-173.3,33.91,64,0,11.18,clear sky
53,Labuhan,ID,-6.8844,112.2051,76.66,84,100,11.03,overcast clouds
54,Malumfashi,NG,11.7853,7.6218,68.05,23,5,9.53,clear sky
55,Nizhniy Kuranakh,RU,58.8353,125.4869,-12.82,93,100,8.03,overcast clouds
56,Filadelfia,US,39.9523,-75.1638,58.23,92,100,17.27,overcast clouds
57,Ola,RU,59.5833,151.2833,23.14,79,100,20.71,snow
58,Narsaq,GL,60.9167,-46.05,28.62,87,99,3.8,overcast clouds
59,Dzhebariki-Khaya,RU,62.2167,135.8,-32.67,97,100,2.06,overcast clouds
60,Taoudenni,ML,22.6783,-3.9836,67.66,18,0,10.02,clear sky
61,Thompson,CA,55.7435,-97.8558,-9.02,86,25,8.52,scattered clouds
62,Ushuaia,AR,-54.8,-68.3,47.35,69,84,9.17,broken clouds
63,Castro,BR,-24.7911,-50.0119,67.19,89,85,2.33,overcast clouds
64,Penukonda,IN,14.0833,77.5833,66.07,74,5,3.06,clear sky
65,Marawi,PH,7.9986,124.2928,66.87,95,29,1.34,scattered clouds
66,Winton,US,37.3894,-120.6133,62.62,45,0,0.0,clear sky
67,Polunochnoye,RU,60.8697,60.4153,7.07,96,100,4.0,overcast clouds
68,Punta Arenas,CL,-53.15,-70.9167,51.12,53,100,22.28,overcast clouds
69,Kendari,ID,-3.945,122.4989,75.51,93,100,1.25,light rain
70,Piacabucu,BR,-10.4056,-36.4344,74.95,86,100,9.53,overcast clouds
71,Valparaiso,CL,-33.0393,-71.6273,68.23,68,20,8.05,few clouds
72,Qaanaaq,GL,77.484,-69.3632,-21.98,77,17,5.19,few clouds
73,Rikitea,PF,-23.1203,-134.9692,72.72,71,92,12.86,overcast clouds
74,Pedasi,PA,7.5333,-80.0333,81.07,77,56,2.26,light rain
75,Fairbanks,US,64.8378,-147.7164,3.22,78,100,0.0,overcast clouds
76,Sao Filipe,CV,14.8961,-24.4956,75.92,65,50,9.55,scattered clouds
77,Samagaltay,RU,50.6022,95.0047,-17.05,89,100,1.07,overcast clouds
78,Mitu,CO,1.1983,-70.1733,83.68,65,82,4.76,broken clouds
79,Xingyi,CN,24.1877,102.817,49.3,91,0,3.2,clear sky
80,Barrow,US,71.2906,-156.7887,28.42,93,100,13.8,light snow
81,Taft,IR,31.7471,54.2088,48.15,43,75,4.61,broken clouds
82,Yellowknife,CA,62.456,-114.3525,-15.45,75,63,4.0,broken clouds
83,Porto Walter,BR,-8.2686,-72.7439,96.57,33,100,3.18,overcast clouds
84,Ilulissat,GL,69.2167,-51.1,23.02,86,100,27.63,light snow
85,Kaitangata,NZ,-46.2817,169.8464,58.24,51,12,10.42,few clouds
86,East London,ZA,-33.0153,27.9116,72.27,90,100,12.33,overcast clouds
87,Bengkulu,ID,-3.8004,102.2655,74.17,88,100,3.83,overcast clouds
88,Tiksi,RU,71.6872,128.8694,-11.85,100,100,14.43,overcast clouds
89,New Norfolk,AU,-42.7826,147.0587,53.92,52,5,1.99,clear sky
90,Saint George,US,37.1041,-113.5841,56.43,25,0,8.05,clear sky
91,Henties Bay,NA,-22.116,14.2845,60.87,88,5,6.44,clear sky
92,Mangrol,IN,21.1167,70.1167,72.55,40,0,9.91,clear sky
93,Severo-Kurilsk,RU,50.6789,156.125,28.8,86,48,10.4,light snow
94,Chokurdakh,RU,70.6333,147.9167,-0.83,97,100,9.71,overcast clouds
95,Mar Del Plata,AR,-38.0023,-57.5575,62.62,97,100,13.8,light rain
96,Ridgecrest,US,35.6225,-117.6709,59.02,24,0,3.44,clear sky
97,Cape Town,ZA,-33.9258,18.4232,67.26,77,31,3.0,scattered clouds
98,Taylor,US,32.3001,-99.8337,48.42,35,0,5.75,clear sky
99,Mercedes,AR,-34.6515,-59.4307,75.63,69,100,17.4,overcast clouds
100,Mahanje,TZ,-9.9333,35.3333,65.3,92,95,1.21,light rain
101,Buala,SB,-8.145,159.5921,80.35,82,100,4.99,moderate rain
102,Kaniv,UA,49.7518,31.46,29.01,58,96,9.73,overcast clouds
103,Port Hardy,CA,50.6996,-127.4199,28.22,77,67,14.36,broken clouds
104,Yatou,CN,37.15,122.3833,27.84,70,53,10.49,broken clouds
105,Cherskiy,RU,68.75,161.3,1.44,95,100,3.0,overcast clouds
106,Hermanus,ZA,-34.4187,19.2345,59.81,87,48,2.68,scattered clouds
107,Bara,NG,10.3744,10.7288,73.49,23,89,7.36,overcast clouds
108,Baruun-Urt,MN,46.6806,113.2792,-9.6,79,2,10.96,clear sky
109,Conneaut,US,41.9476,-80.5542,33.67,79,98,29.48,overcast clouds
110,Hilo,US,19.7297,-155.09,86.29,89,44,1.99,scattered clouds
111,Krasnogorodsk,RU,56.8357,28.2822,10.51,97,29,3.56,scattered clouds
112,Adrar,MR,20.5022,-10.0711,68.99,16,18,9.75,few clouds
113,Coihaique,CL,-45.5752,-72.0662,60.75,36,20,5.75,few clouds
114,Coahuayana,MX,18.7333,-103.6833,85.46,63,10,6.4,clear sky
115,Mamlyutka,KZ,54.9375,68.5394,2.75,81,100,10.36,overcast clouds
116,Belaya Gora,RU,68.5333,146.4167,-14.51,99,100,0.98,light snow
117,Vila Franca Do Campo,PT,37.7167,-25.4333,61.21,86,61,3.91,broken clouds
118,Constitucion,CL,-35.3333,-72.4167,61.45,65,0,19.26,clear sky
119,Khatanga,RU,71.9667,102.5,-38.06,100,63,5.64,broken clouds
120,Yalutorovsk,RU,56.6536,66.3006,3.94,87,100,5.82,overcast clouds
121,Paamiut,GL,61.994,-49.6678,25.93,84,100,46.22,overcast clouds
122,Port-Gentil,GA,-0.7193,8.7815,80.56,89,20,5.75,few clouds
123,Laguna,US,38.421,-121.4238,60.06,46,0,10.36,clear sky
124,Puerto Ayora,EC,-0.7393,-90.3518,71.55,87,68,8.99,broken clouds
125,Atherton,GB,53.5237,-2.4935,42.75,93,35,1.99,scattered clouds
126,Naze,JP,28.3667,129.4833,59.0,77,100,18.63,overcast clouds
127,Neuquen,AR,-38.9516,-68.0591,80.49,14,0,6.91,clear sky
128,Komsomolskiy,UZ,40.4272,71.7189,48.92,71,40,13.8,scattered clouds
129,Saskylakh,RU,71.9167,114.0833,-27.96,100,100,8.39,overcast clouds
130,Petropavlovsk-Kamchatskiy,RU,53.0452,158.6483,28.99,80,75,4.47,broken clouds
131,Markova,UA,48.6758,24.4138,30.24,96,98,3.83,overcast clouds
132,Airai,TL,-8.9266,125.4092,60.53,92,100,1.1,overcast clouds
133,Araouane,ML,18.9048,-3.5265,74.39,14,99,9.35,overcast clouds
134,Lewisville,US,33.0462,-96.9942,52.74,34,0,10.36,clear sky
135,Nikolskoye,RU,59.7035,30.7861,23.81,90,98,3.65,overcast clouds
136,Kaeo,NZ,-35.1,173.7833,64.33,79,61,10.98,broken clouds
137,Carnarvon,AU,-24.8667,113.6333,68.74,82,3,15.41,clear sky
138,Iberia,US,29.9502,-91.7507,66.16,39,0,16.11,clear sky
139,Phibun Mangsahan,TH,15.2447,105.2291,74.91,86,76,3.74,broken clouds
140,Bambous Virieux,MU,-20.3428,57.7575,74.21,83,40,2.3,light rain
141,Inirida,CO,3.8653,-67.9239,77.61,94,93,2.13,moderate rain
142,Sitka,US,57.0531,-135.33,28.29,34,0,12.66,clear sky
143,Contamana,PE,-7.3333,-75.0167,95.77,38,99,9.19,overcast clouds
144,Panguipulli,CL,-39.6333,-72.3333,67.86,23,2,6.31,clear sky
145,Souillac,MU,-20.5167,57.5167,73.78,83,40,2.3,light rain
146,Bathsheba,BB,13.2167,-59.5167,81.21,74,40,18.41,scattered clouds
147,Bad Munstereifel,DE,50.55,6.7667,41.86,95,100,4.07,overcast clouds
148,Ancud,CL,-41.8697,-73.8203,55.08,57,14,6.6,few clouds
149,Hithadhoo,MV,-0.6,73.0833,80.76,74,69,6.64,broken clouds
150,Ardakan,IR,32.31,54.0175,55.38,38,100,6.08,overcast clouds
151,Gostilitsy,RU,59.7483,29.622,22.82,89,100,3.76,overcast clouds
152,Benjamin Constant,BR,-4.3831,-70.0311,91.53,58,40,6.91,scattered clouds
153,Codrington,AU,-38.2667,141.9667,57.45,88,83,3.8,broken clouds
154,Mehamn,NO,71.0357,27.8492,33.75,86,75,4.61,broken clouds
155,Chicama,PE,-7.8447,-79.1469,72.14,63,82,10.22,broken clouds
156,Clyde River,CA,70.4692,-68.5914,-26.77,91,12,4.12,few clouds
157,Georgetown,MY,5.4112,100.3354,80.24,88,20,1.14,few clouds
158,Isla Vista,US,34.4133,-119.861,66.99,70,40,10.36,scattered clouds
159,Naples,IT,40.8333,14.25,55.74,70,40,5.75,scattered clouds
160,Lebu,CL,-37.6167,-73.65,55.89,65,0,20.85,clear sky
161,Tutoia,BR,-2.7619,-42.2744,79.95,76,50,10.49,scattered clouds
162,Zyryanka,RU,65.75,150.85,-15.88,97,100,11.59,light snow
163,Mancio Lima,BR,-7.6142,-72.8958,97.3,30,97,4.54,overcast clouds
164,Deputatskiy,RU,69.3,139.9,-14.66,99,100,3.65,light snow
165,Tyukhtet,RU,56.5389,89.3011,-15.0,99,15,2.55,few clouds
166,Matara,LK,5.9485,80.5353,74.95,90,100,4.05,overcast clouds
167,Beringovskiy,RU,63.05,179.3167,25.95,96,100,7.49,overcast clouds
168,Beidao,CN,34.5686,105.8933,21.56,40,92,1.12,overcast clouds
169,Karratha,AU,-20.7377,116.8463,80.98,57,96,8.14,light rain
170,Gonen,TR,40.1049,27.654,59.02,58,100,7.87,overcast clouds
171,Mana,GF,5.6592,-53.7767,77.79,87,30,9.35,scattered clouds
172,Mianyang,CN,31.4593,104.7542,37.78,68,98,1.01,overcast clouds
173,Narok,KE,-1.0783,35.8601,61.0,78,85,7.34,overcast clouds
174,Puerto Del Rosario,ES,28.5004,-13.8627,69.55,64,75,9.22,broken clouds
175,Avarua,CK,-21.2078,-159.775,82.45,74,75,17.27,broken clouds
176,San Patricio,US,28.017,-97.5169,66.29,44,3,17.72,clear sky
177,Maarianhamina,AX,60.0973,19.9348,37.26,93,75,9.22,broken clouds
178,Abha,SA,18.2164,42.5053,55.65,88,87,6.91,overcast clouds
179,Champerico,GT,14.3,-91.9167,82.78,73,17,8.28,few clouds
180,Alekseyevka,RU,50.6309,38.6903,26.06,58,100,11.23,overcast clouds
181,Ilhabela,BR,-23.7781,-45.3581,72.84,95,100,7.43,moderate rain
182,Tuktoyaktuk,CA,69.4541,-133.0374,2.7,96,100,7.14,light snow
183,Petrovsk-Zabaykalskiy,RU,51.273,108.843,-0.62,90,100,11.9,overcast clouds
184,El Alto,PE,-4.2714,-81.2147,73.06,72,31,15.82,scattered clouds
185,Pangnirtung,CA,66.1451,-65.7125,-20.13,86,16,4.18,few clouds
186,Monticello,US,45.3055,-93.7941,19.78,66,100,13.8,overcast clouds
187,Mandalgovi,MN,45.7625,106.2708,-4.83,57,5,5.23,clear sky
188,Abnub,EG,27.2696,31.1511,62.31,43,0,2.62,clear sky
189,Anadyr,RU,64.75,177.4833,27.1,93,0,4.47,clear sky
190,Kongolo,CD,-5.3833,27.0,69.55,96,100,0.63,light rain
191,Longyearbyen,SJ,78.2186,15.6401,35.44,87,75,11.5,light shower sleet
192,Nemuro,JP,43.3236,145.575,29.57,54,10,21.56,clear sky
193,Chapais,CA,49.7834,-74.8492,24.58,97,100,13.8,snow
194,Tecoanapa,MX,16.5167,-98.75,82.87,67,51,8.28,broken clouds
195,Bredasdorp,ZA,-34.5322,20.0403,63.64,80,68,2.1,broken clouds
196,Kuvshinovo,RU,57.0295,34.1725,12.99,92,99,3.69,overcast clouds
197,Nouadhibou,MR,20.931,-17.0347,65.61,74,0,16.89,clear sky
198,Opuwo,NA,-18.0607,13.84,72.82,44,32,7.99,scattered clouds
199,Jiayuguan,CN,39.8167,98.3,8.26,74,14,3.06,few clouds
200,Harper,LR,4.375,-7.7169,79.14,81,83,4.81,broken clouds
201,Benguela,AO,-12.5763,13.4055,77.4,80,100,5.08,overcast clouds
202,Guilin,CN,25.2819,110.2864,34.68,89,100,9.95,light snow
203,Bowen,AU,-20.0167,148.2333,70.95,88,100,10.02,overcast clouds
204,Kidal,ML,18.4411,1.4078,75.31,18,52,7.61,broken clouds
205,Ardrossan,GB,55.6502,-4.8066,43.21,90,100,7.11,light rain
206,Pacific Grove,US,36.6177,-121.9166,59.43,68,0,5.01,clear sky
207,Buckeye,US,33.3703,-112.5838,73.29,30,0,8.05,clear sky
208,Pevek,RU,69.7008,170.3133,1.17,91,100,2.42,overcast clouds
209,Olinda,BR,-8.0089,-34.8553,78.53,78,75,3.44,broken clouds
210,Roald,NO,62.5833,6.1333,44.33,81,75,10.36,broken clouds
211,Mao,ES,39.8885,4.2658,48.76,81,0,6.91,clear sky
212,Oblivskaya,RU,48.5362,42.5014,25.81,45,89,13.47,overcast clouds
213,Galle,LK,6.0367,80.217,76.8,85,100,2.8,overcast clouds
214,Loralai,PK,30.3705,68.598,51.58,24,9,2.53,clear sky
215,Kishtwar,IN,33.3167,75.7667,45.52,40,100,5.53,overcast clouds
216,Maumere,ID,-8.6199,122.2111,78.93,80,100,1.45,overcast clouds
217,Ambilobe,MG,-13.2,49.05,76.32,83,97,1.43,light rain
218,Aquiraz,BR,-3.9014,-38.3911,81.18,73,90,11.54,overcast clouds
219,Saurimo,AO,-9.6608,20.3916,63.97,95,100,2.51,light rain
220,Guerrero Negro,MX,27.9769,-114.0611,65.32,60,11,12.8,few clouds
221,Moerai,PF,-22.4333,-151.3333,75.11,78,100,11.72,overcast clouds
222,Kedrovyy,RU,56.1667,91.8167,0.01,98,44,3.47,scattered clouds
223,Bandundu,CD,-3.3167,17.3667,68.95,95,98,0.47,overcast clouds
224,Cidreira,BR,-30.1811,-50.2056,71.08,91,99,18.12,overcast clouds
225,Bayevo,RU,53.2833,80.7667,-7.67,87,11,7.9,few clouds
226,Akdepe,TM,42.0551,59.3788,26.26,35,7,5.21,clear sky
227,Ganzhou,CN,28.8184,115.4327,30.25,92,100,6.69,snow
228,Bweyogerere,UG,0.3558,32.6672,69.55,94,99,1.79,light rain
229,Westport,US,41.1415,-73.3579,58.46,87,100,27.63,light rain
230,Mount Isa,AU,-20.7333,139.5,71.37,56,0,6.91,clear sky
231,Bollnas,SE,61.3482,16.3946,29.64,99,99,1.39,overcast clouds
232,Siayan,PH,8.2667,123.1,75.49,94,75,3.69,broken clouds
233,Bemidji,US,47.4736,-94.8803,11.97,77,0,20.71,clear sky
234,Nelson Bay,AU,-32.7167,152.15,68.0,81,100,8.01,light rain
235,Inuvik,CA,68.3499,-133.7218,-0.11,92,100,4.88,overcast clouds
236,San Carlos Del Zulia,VE,9.0,-71.9135,82.35,75,95,1.74,light rain
237,Fort Nelson,CA,58.8053,-122.7002,-7.26,78,6,3.98,clear sky
238,Ponta Delgada,PT,37.7333,-25.6667,61.52,82,75,2.3,broken clouds
239,Birao,CF,10.2849,22.7882,79.88,31,91,4.9,overcast clouds
240,Mazamari,PE,-11.3258,-74.5308,86.76,53,82,1.63,broken clouds
241,Alice Springs,AU,-23.7,133.8833,53.15,66,0,0.0,clear sky
242,Korla,CN,41.7597,86.1469,15.49,18,83,3.91,broken clouds
243,Ha Tinh,VN,18.3333,105.9,74.21,92,59,7.94,broken clouds
244,Vardo,NO,70.3705,31.1107,30.18,86,40,9.22,scattered clouds
245,Pangody,RU,65.85,74.4859,-13.09,98,10,4.38,clear sky
246,Kirakira,SB,-10.4544,161.9205,81.88,77,100,1.59,overcast clouds
247,Soanierana Ivongo,MG,-16.9167,49.5833,72.88,89,26,2.51,scattered clouds
248,Mandiana,GN,10.6333,-8.6833,80.82,31,12,2.48,few clouds
249,Andros Town,BS,24.7,-77.7667,82.36,74,54,10.29,broken clouds
250,Geraldton,AU,-28.7667,114.6,68.41,68,100,9.22,overcast clouds
251,Kayerkan,RU,69.3497,87.7602,-3.42,99,100,2.71,overcast clouds
252,Peniche,PT,39.3558,-9.3811,53.56,96,100,14.14,overcast clouds
253,Boa Vista,BR,2.8197,-60.6733,87.78,55,20,13.8,few clouds
254,Ocampo,MX,21.65,-101.5,68.61,38,4,20.71,clear sky
255,Christchurch,NZ,-43.5333,172.6333,56.95,65,100,9.22,overcast clouds
256,Kara-Tyube,RU,44.6336,45.4369,35.8,73,22,16.62,few clouds
257,Gizo,SB,-8.103,156.8419,81.97,76,81,4.23,light rain
258,Mayo,US,38.8876,-76.5119,58.39,95,100,6.91,overcast clouds
259,Bitlis,TR,38.5,42.25,39.16,87,98,4.76,overcast clouds
260,Hovd,MN,48.0056,91.6419,-3.08,77,100,2.68,overcast clouds
261,Nanortalik,GL,60.1432,-45.2371,29.73,84,100,25.32,overcast clouds
262,Yashkul,RU,46.1711,45.3435,27.23,37,21,13.18,few clouds
263,Imeni Poliny Osipenko,RU,52.4201,136.4853,-10.53,93,96,6.35,overcast clouds
264,Hailey,US,43.5196,-114.3153,25.0,80,100,5.75,snow
265,Kununurra,AU,-15.7667,128.7333,71.58,88,92,0.0,overcast clouds
266,Umba,RU,66.6871,34.3429,28.09,97,100,4.36,overcast clouds
267,Manggar,ID,-2.8833,108.2667,78.17,81,100,5.21,overcast clouds
268,Ribeira Grande,PT,38.5167,-28.7,63.0,72,75,5.99,broken clouds
269,Puri,IN,19.8,85.85,70.32,73,8,7.09,clear sky
270,Sao Miguel,BR,-5.4667,-35.3667,81.37,68,100,12.21,overcast clouds
271,Pingliang,CN,35.5392,106.6861,17.56,29,88,0.92,overcast clouds
272,Castlemaine,AU,-37.0667,144.2167,61.29,81,63,15.3,broken clouds
273,Lianran,CN,24.9227,102.485,49.14,90,0,2.64,clear sky
274,Dallas,US,32.7668,-96.7836,53.47,33,75,11.01,broken clouds
275,Broome,US,42.2506,-75.833,46.33,86,100,21.85,overcast clouds
276,Brownsville,US,25.9018,-97.4975,64.35,77,100,20.71,overcast clouds
277,West Bay,KY,19.3667,-81.4167,86.07,73,20,10.36,few clouds
278,Tautira,PF,-17.7333,-149.15,78.35,81,34,12.35,light rain
279,Salalah,OM,17.0151,54.0924,78.89,73,20,5.75,few clouds
280,Guira De Melena,CU,22.7906,-82.5053,86.61,56,15,2.66,light rain
281,Killybegs,IE,54.6333,-8.45,49.32,93,100,8.72,overcast clouds
282,Newport,GB,51.5877,-2.9984,44.53,76,57,4.23,broken clouds
283,Tilichiki,RU,60.4667,166.1,31.06,95,100,38.56,heavy snow
284,Yerbogachen,RU,61.2767,108.0108,-4.07,97,100,7.07,overcast clouds
285,Paratinga,BR,-12.6906,-43.1842,73.6,87,92,2.95,light rain
286,Bereda,ES,43.2686,-7.5406,47.41,100,96,3.22,overcast clouds
287,Tukrah,LY,32.5341,20.5791,62.38,69,22,15.59,light rain
288,Kiama,AU,-34.6833,150.8667,66.25,77,100,1.01,overcast clouds
289,Arraial Do Cabo,BR,-22.9661,-42.0278,74.23,90,100,23.55,light rain
290,Asau,RO,46.4333,26.4,33.28,93,100,3.27,overcast clouds
291,Nishihara,JP,26.1842,127.7558,65.48,83,100,19.57,overcast clouds
292,Fez,MA,34.0372,-4.9998,50.25,53,0,4.61,clear sky
293,Sebinkarahisar,TR,40.2883,38.4236,45.66,77,87,2.24,overcast clouds
294,Tasiilaq,GL,65.6145,-37.6368,39.36,95,100,22.35,light rain
295,Mineros,BO,-17.1167,-63.2333,92.7,35,54,7.65,broken clouds
296,Lavrentiya,RU,65.5833,-171.0,22.73,90,41,7.9,scattered clouds
297,Lanzhou,CN,36.0564,103.7922,21.52,34,70,0.92,broken clouds
298,Quang Ngai,VN,15.1167,108.8,73.89,92,40,3.4,scattered clouds
299,Avera,US,33.194,-82.5271,68.56,71,52,14.85,broken clouds
300,Ryotsu,JP,38.0833,138.4333,38.23,87,100,9.1,light rain
301,Campo Maior,BR,-4.8278,-42.1686,83.53,58,55,4.07,broken clouds
302,Tazovskiy,RU,67.4667,78.7,-5.58,100,99,7.29,overcast clouds
303,Gat,IL,31.61,34.7642,60.4,69,0,4.29,clear sky
304,Ishigaki,JP,24.3448,124.1572,69.93,94,100,21.85,overcast clouds
305,Kutum,SD,14.2,24.6667,71.96,27,8,8.41,clear sky
306,Half Moon Bay,US,37.4636,-122.4286,60.58,59,0,6.91,clear sky
307,Urengoy,RU,65.9667,78.3667,-12.32,100,82,4.83,broken clouds
308,Gorontalo,ID,0.5412,123.0595,75.85,92,100,3.06,overcast clouds
309,Muzhi,RU,65.3667,64.6667,-11.49,100,52,3.42,broken clouds
310,Aklavik,CA,68.2191,-135.0107,-0.08,85,100,4.41,overcast clouds
311,Homer,US,59.6425,-151.5483,25.03,63,0,4.61,clear sky
312,Nagyigmand,HU,47.6409,18.0813,42.87,66,100,2.1,light rain
313,Byron Bay,AU,-28.65,153.6167,59.94,88,100,18.43,light rain
314,Sovetskiy,RU,61.3614,63.5842,2.93,94,100,2.86,overcast clouds
315,Santa Maria,BR,-29.6842,-53.8069,83.66,50,51,13.06,broken clouds
316,Chifeng,CN,42.2683,118.9636,7.02,35,0,10.13,clear sky
317,Luganville,VU,-15.5333,167.1667,83.84,74,92,9.24,overcast clouds
318,Katsuura,JP,35.1333,140.3,55.17,84,100,17.49,overcast clouds
319,Kashan,IR,33.9831,51.4364,54.72,42,43,4.61,scattered clouds
320,Fort Morgan,US,40.2503,-103.8,39.85,48,0,10.36,clear sky
321,Zhigansk,RU,66.7697,123.3711,-28.77,96,87,7.16,overcast clouds
322,Cao Bang,VN,22.6667,106.25,55.31,96,100,3.53,overcast clouds
323,Bilasipara,IN,26.232,90.2347,63.46,68,13,5.41,few clouds
324,Japura,ID,-0.3167,102.35,72.97,99,100,3.0,light rain
325,Dingle,PH,10.9995,122.6711,75.42,93,98,8.05,moderate rain
326,Agaro,ET,7.85,36.65,58.3,69,12,1.59,few clouds
327,Kavaratti,IN,10.5669,72.642,81.14,74,5,3.94,clear sky
328,Fortuna,US,40.5982,-124.1573,55.74,68,100,19.57,overcast clouds
329,Raul Soares,BR,-20.1022,-42.4519,77.68,80,37,2.91,light rain
330,Zabol,AF,32.25,67.25,42.55,45,65,4.5,broken clouds
331,Acapulco,MX,16.8634,-99.8901,85.82,66,40,5.75,scattered clouds
332,Faanui,PF,-16.4833,-151.75,80.06,77,15,12.77,few clouds
333,Saint Anthony,US,45.0205,-93.218,19.76,65,75,23.02,broken clouds
334,Birjand,IR,32.8663,59.2211,46.87,29,0,4.61,clear sky
335,Nantucket,US,41.2835,-70.0995,59.14,93,0,23.02,clear sky
336,Omboue,GA,-1.5746,9.2618,77.14,89,100,5.84,overcast clouds
337,Libertador General San Martin,AR,-23.8064,-64.7876,68.4,93,91,7.09,light rain
338,Touros,BR,-5.1989,-35.4608,79.14,68,100,11.56,overcast clouds
339,Yining,CN,29.0361,114.5636,29.48,90,100,2.91,light snow
340,Namatanai,PG,-3.6667,152.4333,81.64,75,67,2.89,broken clouds
341,Carmen,MX,18.6333,-91.8333,87.84,55,20,10.36,few clouds
342,Makakilo City,US,21.3469,-158.0858,83.61,64,100,3.94,overcast clouds
343,Zhanaozen,KZ,43.3,52.8,27.93,35,100,9.06,overcast clouds
344,Bogorodskoye,RU,56.55,37.8833,10.04,96,73,4.07,broken clouds
345,Matagami,CA,49.7502,-77.6328,33.91,93,100,11.5,snow
346,Ostrovnoy,RU,68.0531,39.5131,20.41,93,85,7.52,overcast clouds
347,Oranjemund,NA,-28.55,16.4333,62.1,87,1,4.45,clear sky
348,Lebork,PL,54.5392,17.7501,35.47,90,97,6.02,overcast clouds
349,Desnogorsk,RU,54.1508,33.2815,22.41,83,100,7.09,overcast clouds
350,Ahipara,NZ,-35.1667,173.1667,61.29,70,99,15.77,overcast clouds
351,Port Lincoln,AU,-34.7333,135.8667,59.13,76,12,14.03,few clouds
352,Teguldet,RU,57.3064,88.1667,-15.7,99,15,2.44,few clouds
353,Vanimo,PG,-2.6741,141.3028,77.45,89,100,5.19,overcast clouds
354,Kruisfontein,ZA,-34.0033,24.7314,64.89,74,5,5.57,clear sky
355,Isiro,CD,2.7739,27.616,65.73,99,98,2.26,overcast clouds
356,Kahului,US,20.8947,-156.47,81.97,82,20,10.36,few clouds
357,Haines Junction,CA,60.7522,-137.5108,-3.12,79,100,0.36,overcast clouds
358,Cam Ranh,VN,11.9214,109.1591,80.56,83,40,11.5,scattered clouds
359,Sola,VU,-13.8833,167.55,82.13,75,57,14.14,broken clouds
360,Fereydun Kenar,IR,36.6864,52.5225,58.71,69,98,1.43,overcast clouds
361,Odweyne,SO,9.4092,45.064,67.44,40,7,4.16,clear sky
362,Warangal,IN,18.0,79.5833,66.04,57,0,4.0,clear sky
363,Dwarka,IN,22.2394,68.9678,75.0,54,0,9.86,clear sky
364,Palmer,US,42.1584,-72.3287,55.85,84,100,19.57,moderate rain
365,Synya,RU,65.3718,58.0387,-7.46,100,83,2.01,broken clouds
366,Husavik,IS,66.0449,-17.3389,41.5,89,100,13.51,overcast clouds
367,Humboldt,US,40.6665,-123.9178,46.94,74,100,7.99,overcast clouds
368,Kranjska Gora,SI,46.4839,13.7894,36.77,98,100,4.76,overcast clouds
369,Yar-Sale,RU,66.8333,70.8333,-9.8,100,28,4.7,scattered clouds
370,Siloam Springs,US,36.1881,-94.5405,45.45,34,0,5.75,clear sky
371,El Cope,PA,8.6167,-80.6,70.84,91,100,1.81,moderate rain
372,Pisco,PE,-13.7,-76.2167,73.45,68,0,19.57,clear sky
373,Hammerfest,NO,70.6634,23.6821,36.05,75,75,4.61,broken clouds
374,Ayagoz,KZ,47.9714,80.4392,6.06,79,100,5.99,light snow
375,San Vicente De Canete,PE,-13.0751,-76.3835,71.22,72,82,7.74,broken clouds
376,Lompoc,US,34.6391,-120.4579,65.79,71,100,4.61,overcast clouds
377,Rocha,UY,-34.4833,-54.3333,77.34,67,23,16.58,few clouds
378,Lagoa,PT,39.05,-27.9833,61.99,75,2,7.99,clear sky
379,Tura,IN,25.5198,90.2201,61.14,88,2,3.49,clear sky
380,Necochea,AR,-38.5473,-58.7368,60.21,75,100,15.41,overcast clouds
381,Sigayevo,RU,56.4216,53.7757,11.84,96,100,2.53,light snow
382,Caravelas,BR,-17.7125,-39.2481,76.73,91,100,5.12,heavy intensity rain
383,Boyolangu,ID,-8.1181,111.8935,75.13,86,98,5.73,overcast clouds
384,Darnah,LY,32.767,22.6367,61.34,68,1,22.21,clear sky
385,Talnakh,RU,69.4865,88.3972,-2.83,99,100,4.72,overcast clouds
386,Pocone,BR,-16.2567,-56.6228,70.88,77,100,12.26,overcast clouds
387,Elkton,US,39.6068,-75.8333,57.38,90,100,8.99,light rain
388,Vinh Yen,VN,21.31,105.5967,60.75,87,100,7.05,overcast clouds
389,Mount Gambier,AU,-37.8333,140.7667,56.5,88,60,6.29,broken clouds
390,Tateyama,JP,34.9833,139.8667,56.1,83,100,16.33,overcast clouds
391,Margate,GB,51.3813,1.3862,47.89,90,74,1.99,broken clouds
392,San Jeronimo,PE,-11.9472,-75.2829,68.97,26,56,3.53,broken clouds
393,Comodoro Rivadavia,AR,-45.8667,-67.5,62.46,42,0,21.85,clear sky
394,Partsa,RU,54.3653,42.8617,11.57,97,24,2.53,few clouds
395,Porto Novo,BJ,6.4965,2.6036,79.72,80,47,6.4,scattered clouds
396,Permet,AL,40.2336,20.3517,45.66,94,100,5.28,overcast clouds
397,Zaysan,KZ,47.4667,84.8667,-0.42,84,100,1.59,overcast clouds
398,Kariba,ZW,-16.5167,28.8,72.41,68,0,4.54,clear sky
399,Chernyshevskiy,RU,63.0128,112.4714,-26.32,99,72,4.79,broken clouds
400,Andenes,NO,69.3143,16.1194,37.92,87,75,10.36,broken clouds
401,Bermejo,AR,-32.8833,-68.8,84.15,17,27,10.69,scattered clouds
402,Seybaplaya,MX,19.65,-90.6667,89.06,62,73,11.41,broken clouds
403,Ak-Dovurak,RU,51.1833,90.6,-21.1,97,100,0.72,overcast clouds
404,Saldanha,ZA,-33.0117,17.9442,63.01,91,10,10.09,clear sky
405,La Ronge,CA,55.1001,-105.2842,-4.07,78,95,3.49,overcast clouds
406,Lipin Bor,RU,60.2622,37.9763,13.17,94,98,3.42,overcast clouds
407,Takoradi,GH,4.8845,-1.7554,79.52,82,100,6.13,overcast clouds
408,Vysokogornyy,RU,50.1167,139.15,-12.5,90,100,11.54,overcast clouds
409,San Vicente,AR,-26.6167,-54.1333,70.93,79,89,3.76,light rain
410,Kavieng,PG,-2.5744,150.7967,82.09,73,30,2.15,scattered clouds
411,Nevelsk,RU,46.6733,141.8633,13.98,83,100,23.78,light snow
412,Ozark,US,37.0209,-93.206,42.53,39,0,3.0,clear sky
413,Oktyabrskoye,RU,43.0645,44.7417,30.34,100,100,0.0,light snow
414,Sompeta,IN,18.9333,84.6,72.86,72,0,5.35,clear sky
415,Hamilton,US,39.1834,-84.5333,40.42,49,0,14.97,clear sky
416,Gashua,NG,12.871,11.0482,70.48,22,43,9.28,scattered clouds
417,Ewa Beach,US,21.3156,-158.0072,84.85,61,0,8.05,clear sky
418,Isangel,VU,-19.55,169.2667,82.89,75,100,7.02,overcast clouds
419,Chuy,UY,-33.6971,-53.4616,73.27,79,10,16.78,clear sky
420,Buraydah,SA,26.326,43.975,66.54,56,39,11.18,scattered clouds
421,Palana,RU,59.1167,159.9667,25.52,97,100,5.5,snow
422,Orsha,BY,54.5153,30.4053,14.77,92,82,6.22,broken clouds
423,Marsta,SE,59.6216,17.8548,33.03,100,0,3.44,clear sky
424,Montrose,US,38.4166,-108.2673,32.45,41,7,2.55,clear sky
425,Niksic,ME,42.7731,18.9445,51.66,92,100,5.91,overcast clouds
426,Nhulunbuy,AU,-12.2333,136.7667,77.61,94,100,0.0,overcast clouds
427,Egvekinot,RU,66.3167,-179.1667,9.14,85,43,2.8,scattered clouds
428,Kailua,US,21.4022,-157.7394,84.9,71,20,8.05,few clouds
429,Cabo San Lucas,MX,22.8909,-109.9124,82.62,61,20,9.22,few clouds
430,Rybachiy,RU,48.7073,44.7449,19.26,44,4,8.16,clear sky
431,San Quintin,MX,30.4833,-115.95,61.14,62,14,11.1,few clouds
432,Staryy Nadym,RU,65.6118,72.6842,-13.16,97,7,4.03,clear sky
433,Langsa,ID,4.4683,97.9683,74.08,94,100,2.73,overcast clouds
434,Muyezerskiy,RU,63.9333,31.65,23.85,96,100,4.38,light snow
435,Saint-Joseph,RE,-21.3667,55.6167,73.78,79,55,6.58,broken clouds
436,Dunedin,NZ,-45.8742,170.5036,59.81,60,9,8.01,clear sky
437,Inhambane,MZ,-23.865,35.3833,71.8,86,19,9.4,light rain
438,Kyzyl-Suu,KG,42.3414,78.0056,30.6,55,39,8.3,scattered clouds
439,Mayumba,GA,-3.432,10.6554,77.23,89,77,6.17,broken clouds
440,Plettenberg Bay,ZA,-34.0527,23.3716,64.54,81,8,4.23,clear sky
441,Padang,ID,-0.9492,100.3543,75.25,95,100,2.24,overcast clouds
442,Iqaluit,CA,63.7506,-68.5145,-20.31,68,68,11.01,broken clouds
443,Watsa,CD,3.0372,29.5355,64.56,97,100,2.53,overcast clouds
444,Hun,LY,29.1268,15.9477,57.02,39,0,5.55,clear sky
445,Bubaque,GW,11.2833,-15.8333,81.84,66,24,11.99,few clouds
446,Tungor,RU,53.3808,142.9564,-6.68,92,18,15.1,few clouds
447,Kousseri,CM,12.0769,15.0306,74.32,24,63,8.39,broken clouds
448,Yakeshi,CN,49.2833,120.7333,-30.66,99,34,4.65,scattered clouds
449,Coquimbo,CL,-29.9533,-71.3436,65.93,68,100,10.36,overcast clouds
450,Turukhansk,RU,65.8167,87.9833,5.0,95,100,12.62,overcast clouds
451,Hobyo,SO,5.3505,48.5268,79.5,76,10,12.3,clear sky
452,Minuri,PH,16.535,121.8574,73.4,97,99,0.45,overcast clouds
453,North Bend,US,43.4065,-124.2243,48.92,99,100,14.14,overcast clouds
454,Tuatapere,NZ,-46.1333,167.6833,52.77,73,86,6.82,light rain
455,Atikokan,CA,48.7555,-91.6216,16.99,80,100,16.33,overcast clouds
456,Harnosand,SE,62.6323,17.9379,36.0,80,89,3.98,overcast clouds
457,Bhadasar,IN,28.2833,74.3167,60.87,29,0,4.07,clear sky
458,Malanje,AO,-9.5402,16.341,65.03,97,100,3.74,light rain
459,Sao Felix Do Xingu,BR,-6.6447,-51.995,77.38,83,100,2.59,overcast clouds
460,Tarabuco,BO,-19.1667,-64.9167,54.41,56,66,11.39,broken clouds
461,Ludvika,SE,60.1496,15.1878,32.77,99,100,1.3,overcast clouds
462,Indian Head,US,38.6001,-77.1622,60.96,77,100,19.57,overcast clouds
463,Mookane,BW,-23.688,26.6595,74.84,38,0,6.08,clear sky
464,Yeppoon,AU,-23.1333,150.7333,64.18,90,100,11.01,overcast clouds
465,Severnoye,RU,56.3491,78.3619,-11.9,98,17,3.24,few clouds
466,Sztum,PL,53.9208,19.0307,34.34,82,100,4.59,overcast clouds
467,Erenhot,CN,43.6475,111.9767,2.52,69,44,10.04,scattered clouds
468,Agadez,NE,19.75,10.25,62.53,33,3,5.23,clear sky
469,Tshikapa,CD,-6.4167,20.8,68.85,94,100,2.01,overcast clouds
470,Viamao,BR,-30.0811,-51.0233,77.68,78,40,20.71,scattered clouds
471,College,US,64.8569,-147.8028,3.2,78,100,0.0,overcast clouds
472,Rodrigues Alves,BR,-7.738,-72.6509,96.69,32,99,3.11,overcast clouds
473,Sa Kaeo,TH,13.75,102.3333,74.5,92,33,2.95,scattered clouds
474,Nema,RU,57.5067,50.5011,13.8,96,98,4.74,light snow
475,Sungairaya,ID,0.7,108.9,76.95,91,100,3.06,overcast clouds
476,Jacareacanga,BR,-6.2222,-57.7528,85.78,64,100,2.17,overcast clouds
477,Metro,ID,-5.1131,105.3067,74.39,86,100,5.44,overcast clouds
478,Seddon,AU,-37.8068,144.8916,60.71,84,75,9.22,broken clouds
479,Krasnyy Chikoy,RU,50.3643,108.7512,0.61,84,100,11.63,overcast clouds
480,Renfrew,GB,55.872,-4.3925,44.15,89,100,4.61,overcast clouds
481,Catamarca,AR,-28.4696,-65.7852,81.07,57,42,4.0,scattered clouds
482,Lander,US,42.833,-108.7307,39.79,73,0,5.75,clear sky
483,Port-Cartier,CA,50.0334,-66.8654,28.08,71,100,16.26,overcast clouds
484,Mayskiy,RU,47.6931,40.1025,26.01,34,16,18.84,few clouds
485,Grand Gaube,MU,-20.0064,57.6608,74.37,75,50,5.01,scattered clouds
486,Bethel,US,41.3712,-73.414,57.56,84,100,5.99,moderate rain
487,Zykovo,RU,55.9519,93.1461,2.14,96,20,3.0,few clouds
488,Huilong,CN,31.8111,121.655,38.7,81,100,14.38,overcast clouds
489,Vila,PT,42.0304,-8.1588,45.48,92,99,3.65,overcast clouds
490,Brae,GB,60.3964,-1.353,48.24,83,99,21.54,overcast clouds
491,Axim,GH,4.8699,-2.2405,79.05,81,94,5.23,overcast clouds
492,Rafai,CF,4.95,23.9167,69.73,97,100,3.33,overcast clouds
493,Sorland,NO,67.667,12.6934,40.86,77,100,13.38,overcast clouds
494,Maltahohe,NA,-24.8333,16.9833,74.5,41,60,8.08,broken clouds
495,Normandin,CA,48.8333,-72.5321,28.71,93,100,17.27,snow
496,Shiloh,US,38.5614,-89.8973,39.87,36,0,10.36,clear sky
497,Maiduguri,NG,11.8464,13.1603,69.46,34,59,8.48,broken clouds
498,Sibolga,ID,1.7427,98.7792,75.13,93,100,2.28,overcast clouds
499,Intipuca,SV,13.1969,-88.0544,85.95,68,96,2.98,overcast clouds
500,Obo,CF,5.3998,26.4869,71.55,87,100,3.56,overcast clouds
501,Punta Alta,AR,-38.8759,-62.0736,68.54,57,92,22.03,overcast clouds
502,Iranduba,BR,-3.2847,-60.1861,91.72,59,91,2.35,overcast clouds
503,Hami,CN,42.8,93.45,10.99,22,83,1.54,broken clouds
504,Chengzihe,CN,45.3333,131.0667,1.22,68,100,16.4,overcast clouds
505,Medea,DZ,36.2642,2.7539,45.09,74,100,3.98,overcast clouds
506,Urumqi,CN,43.801,87.6005,-3.05,71,0,2.24,clear sky
507,Batagay-Alyta,RU,67.8006,130.4114,-13.23,97,100,6.33,light snow
508,Muroto,JP,33.2833,134.15,53.17,69,77,5.91,broken clouds
509,Gaurela,IN,22.75,81.9,55.72,64,6,4.05,clear sky
510,Catia La Mar,VE,10.6038,-67.0303,82.99,81,40,3.44,scattered clouds
511,Isla Mujeres,MX,21.2311,-86.731,84.25,70,35,9.75,scattered clouds
512,Klaksvik,FO,62.2266,-6.589,49.12,94,100,32.23,light rain
513,Tigil,RU,57.8,158.6667,24.3,97,100,3.85,light snow
514,Myitkyina,MM,25.3833,97.4,63.64,66,50,2.59,scattered clouds
515,Kuching,MY,1.55,110.3333,78.03,96,20,2.3,few clouds
516,Vorotynets,RU,56.0603,45.8633,3.79,98,69,2.62,broken clouds
517,Grindavik,IS,63.8424,-22.4338,46.35,93,75,27.63,broken clouds
518,Gairo,IT,39.8497,9.5047,40.21,79,8,3.91,clear sky
519,Dukat,RU,62.55,155.55,0.84,98,100,5.26,light snow
520,Russell,US,32.3502,-85.1999,72.68,43,0,12.66,clear sky
521,Sturgeon Bay,US,44.8342,-87.377,25.2,58,100,21.85,overcast clouds
522,Invermere,CA,50.5167,-116.0354,21.36,70,100,3.22,light snow
523,Moron,AR,-34.6534,-58.6198,78.98,63,83,12.35,broken clouds
524,Broken Hill,AU,-31.95,141.4333,62.8,46,4,16.4,clear sky
525,Berbera,SO,10.4396,45.0143,77.43,71,0,5.32,clear sky
526,Iralaya,HN,15.0,-83.2333,80.51,81,10,11.32,light rain
527,Kishorganj,BD,24.4333,90.7667,66.87,60,0,4.32,clear sky
528,Adre,TD,13.4667,22.2,74.53,23,70,10.18,broken clouds
529,San Nicolas,PH,18.1725,120.5953,75.11,88,75,3.44,thunderstorm
530,Marsa Matruh,EG,31.3525,27.2453,63.52,52,0,11.25,clear sky
531,Solnechnyy,RU,50.7214,136.6319,-9.81,96,62,3.13,broken clouds
532,Batsfjord,NO,70.6345,29.7185,29.98,86,75,10.36,broken clouds
533,Dakar,SN,14.6937,-17.4441,77.88,70,23,18.52,few clouds
534,Santa Cruz Cabralia,BR,-16.2781,-39.0247,77.23,94,75,6.91,moderate rain
535,Nacala,MZ,-14.5428,40.6728,71.6,87,23,7.05,few clouds
536,Asosa,ET,10.0667,34.5333,67.35,51,33,3.27,scattered clouds
537,Portland,US,45.5234,-122.6762,48.96,88,75,12.66,broken clouds
538,Smederevska Palanka,RS,44.3655,20.9589,41.22,79,100,10.13,overcast clouds
539,Meulaboh,ID,4.1363,96.1285,75.18,90,100,3.56,overcast clouds
540,Colesberg,ZA,-30.72,25.0972,67.87,63,96,7.92,light rain
541,Huainan,CN,32.6264,116.9969,28.87,48,40,5.19,scattered clouds
542,Ulaangom,MN,49.9811,92.0667,-11.99,95,100,1.86,overcast clouds
543,Talcahuano,CL,-36.7167,-73.1167,67.68,49,20,17.27,few clouds
544,Buriti Bravo,BR,-5.8372,-43.8336,75.29,86,89,3.91,overcast clouds
545,Rehnan,IR,32.6846,51.6013,36.91,46,33,2.24,scattered clouds
546,Leh,IN,34.1667,77.5833,20.03,56,92,0.92,overcast clouds
547,Ihosy,MG,-22.4,46.1167,68.58,72,80,2.33,broken clouds
548,Kyren,RU,51.6828,102.1408,-7.91,85,16,1.97,few clouds
549,Saint-Augustin,CA,51.226,-58.6502,8.42,92,99,3.69,overcast clouds
550,Belousovka,KZ,50.1339,82.5239,-22.95,76,75,2.24,fog
551,Pilar,BR,-9.5972,-35.9567,76.93,88,100,5.97,overcast clouds
552,Olafsvik,IS,64.8945,-23.7142,44.96,82,82,22.03,light rain
553,Wanaka,NZ,-44.7,169.15,55.11,66,24,3.0,few clouds
554,Suda,RU,59.1525,37.5582,11.41,97,95,2.73,overcast clouds
555,Trairi,BR,-3.2778,-39.2689,80.04,70,88,11.7,moderate rain
556,Sainthia,IN,23.95,87.6667,65.91,58,0,6.87,clear sky
557,Lincoln,US,40.8,-96.667,33.3,44,0,5.01,clear sky
558,Kaseda,JP,31.4167,130.3167,50.38,66,95,18.66,overcast clouds
559,Kropotkin,RU,45.4375,40.5756,36.18,71,11,23.13,few clouds
560,Karaton,ID,-6.3424,106.1045,72.55,91,100,5.14,overcast clouds
561,Lityn,UA,49.3251,28.0809,21.24,92,79,4.76,broken clouds
562,Pedernales,DO,18.0384,-71.744,81.36,69,17,4.81,few clouds
563,Chiredzi,ZW,-21.05,31.6667,66.42,58,0,2.57,clear sky
564,Chiknayakanhalli,IN,13.4172,76.6228,63.34,71,5,4.92,clear sky
565,Mizan Teferi,ET,6.9833,35.5833,62.08,78,51,2.75,broken clouds
566,Iquitos,PE,-3.7481,-73.2472,91.44,58,40,6.91,scattered clouds
567,Sembe,CG,1.6481,14.5806,70.02,99,100,0.94,overcast clouds
568,Turayf,SA,31.6725,38.6637,52.05,87,0,3.44,clear sky
569,Samarai,PG,-10.6167,150.6667,82.38,77,100,7.81,overcast clouds
570,Goderich,CA,43.7501,-81.7165,33.91,63,100,30.87,overcast clouds
571,Semporna,MY,4.4818,118.6112,78.49,84,100,2.46,overcast clouds
572,Bassano,CA,50.7834,-112.4685,6.64,90,100,7.11,snow
573,Talcher,IN,20.95,85.2167,66.45,80,0,1.43,clear sky
574,Bismarck,US,46.8083,-100.7837,15.64,67,0,4.61,clear sky
575,Kargasok,RU,59.0556,80.8572,-22.83,100,18,2.39,few clouds
576,Hokitika,NZ,-42.7167,170.9667,55.26,84,100,10.58,overcast clouds
577,Bandarbeyla,SO,9.4942,50.8122,77.99,83,7,15.95,light rain
578,Itaituba,BR,-4.2761,-55.9836,84.31,67,96,1.07,overcast clouds
579,Shimoda,JP,34.6667,138.95,53.1,87,100,11.88,overcast clouds
580,Atar,MR,20.5169,-13.0499,73.09,16,8,6.73,clear sky
581,Mabaruma,GY,8.2,-59.7833,77.25,79,50,4.23,scattered clouds
582,Ucluelet,CA,48.9329,-125.5528,37.09,80,24,3.15,few clouds
583,Calvinia,ZA,-31.4707,19.776,69.75,40,3,3.78,clear sky
584,Aitape,PG,-3.1374,142.3475,77.88,87,100,4.65,overcast clouds
585,Colwyn Bay,GB,53.2948,-3.7267,48.06,42,48,7.0,scattered clouds
586,Mvuma,ZW,-19.2792,30.5283,58.82,69,0,7.52,clear sky
587,Jingcheng,CN,32.0142,120.2625,34.03,59,100,9.44,overcast clouds
588,Benjamin Aceval,PY,-24.9667,-57.5667,87.94,51,48,4.72,scattered clouds
589,Wajima,JP,37.4,136.9,41.65,78,100,7.92,light rain
590,Los Llanos De Aridane,ES,28.6585,-17.9182,65.95,73,75,9.22,broken clouds
591,Lashio,MM,22.9333,97.75,59.47,95,2,1.34,clear sky
592,Alghero,IT,40.5589,8.3181,46.49,100,0,1.14,clear sky
593,Goma,CD,-1.6792,29.2228,62.74,91,100,3.11,light rain
594,Leningradskiy,RU,69.3833,178.4167,3.45,95,94,3.6,overcast clouds
595,Pozo Colorado,PY,-23.4923,-58.7972,99.16,20,31,7.65,scattered clouds
596,Shingu,JP,33.7333,135.9833,44.96,75,94,6.89,overcast clouds
597,Te Anau,NZ,-45.4167,167.7167,46.8,89,91,1.9,overcast clouds
598,Viedma,AR,-40.8135,-62.9967,65.82,37,66,16.02,broken clouds
599,Nokaneng,BW,-19.6667,22.2667,80.55,25,0,12.21,clear sky
600,Olga,RU,43.7444,135.2892,6.44,61,34,9.55,scattered clouds
601,Aykhal,RU,66.0,111.5,-30.98,99,98,10.58,overcast clouds
602,Greenwood,US,34.1668,-82.1165,66.79,76,0,8.05,clear sky
603,Skelleftea,SE,64.7507,20.9528,30.56,100,75,4.61,broken clouds
604,Altamira,BR,-3.2033,-52.2064,86.09,70,20,2.3,few clouds
605,Plouzane,FR,48.3833,-4.6167,41.05,93,0,4.61,clear sky
606,Cape Coast,GH,5.1053,-1.2466,79.7,83,100,6.8,overcast clouds
607,Berlevag,NO,70.8578,29.0864,33.8,86,0,6.91,clear sky
608,Cascavel,BR,-24.9558,-53.4553,75.99,68,51,2.46,light rain
609,Marzuq,YE,14.4,46.4667,62.42,73,0,2.91,clear sky
610,Rybnaya Sloboda,RU,55.4613,50.1409,3.02,98,91,4.21,overcast clouds
611,Poopo,BO,-18.3667,-66.9667,58.37,7,0,13.22,clear sky
612,Kaduqli,SD,11.0167,29.7167,79.52,28,99,5.97,overcast clouds
613,Ous,RU,60.9058,61.5186,7.21,96,100,3.69,light snow
614,Senanga,ZM,-16.1167,23.2667,72.12,60,1,5.59,clear sky
615,Port Moresby,PG,-9.4431,147.1797,76.42,94,40,4.61,scattered clouds
616,Pizarro,CO,4.9533,-77.366,79.34,79,80,7.65,light rain
617,Pathein,MM,16.7833,94.7333,76.15,91,82,5.26,broken clouds
618,Kurilsk,RU,45.2333,147.8833,28.53,66,98,30.8,light snow
619,Tuban,ID,-6.8976,112.0649,76.42,85,99,8.86,overcast clouds
620,Vestmannaeyjar,IS,63.4427,-20.2734,47.07,82,92,22.12,overcast clouds
621,Belyy Yar,RU,53.6039,91.3903,-18.15,80,20,0.0,few clouds
622,Guymon,US,36.6828,-101.4816,42.8,36,0,17.27,clear sky
623,Orlik,RU,52.5178,99.825,-23.31,94,14,2.57,few clouds
624,Skrunda,LV,56.6833,22.0167,30.45,95,100,3.76,overcast clouds
625,Dublin,US,37.7021,-121.9358,60.49,50,0,8.05,clear sky
626,Pacocha,PE,-17.5833,-71.3333,71.74,64,0,10.36,clear sky
627,Richards Bay,ZA,-28.783,32.0377,67.19,88,10,7.23,clear sky
628,Boende,CD,-0.2167,20.8667,67.35,99,100,0.81,overcast clouds
629,Bodmin,GB,50.4715,-4.7243,46.44,87,0,9.22,clear sky
630,Itambacuri,BR,-18.0311,-41.685,75.38,87,85,1.83,overcast clouds
631,Ayan,RU,56.45,138.1667,-7.01,86,100,26.24,overcast clouds
632,Itarema,BR,-2.9248,-39.9167,80.04,71,90,14.65,overcast clouds
633,Rudnichnyy,RU,59.617,52.4703,17.35,97,100,3.6,overcast clouds
634,Rapid Valley,US,44.0625,-103.1463,33.42,41,0,21.85,clear sky
635,Baykit,RU,61.67,96.37,1.69,96,100,5.95,light snow
636,Oussouye,SN,12.485,-16.5469,76.26,47,15,5.88,few clouds
637,Mpika,ZM,-11.8343,31.4529,61.05,96,49,5.5,light rain
638,Vicosa,BR,-20.7539,-42.8819,71.24,89,51,5.26,light rain
639,Araceli,PH,10.5529,119.9913,82.71,78,95,19.53,overcast clouds
640,Yongzhou,CN,26.4559,111.5988,32.2,84,100,8.37,overcast clouds
641,Borogontsy,RU,62.6683,131.1683,-27.83,97,100,3.58,overcast clouds
642,Garowe,SO,8.4054,48.4845,72.32,72,5,10.69,clear sky
643,Ulladulla,AU,-35.35,150.4667,61.12,73,50,1.97,scattered clouds
644,Ndele,CF,8.4109,20.6473,78.71,29,100,2.24,overcast clouds
645,Key Largo,US,25.0865,-80.4473,81.0,81,70,7.43,broken clouds
646,Tadine,NC,-21.55,167.8833,81.41,75,66,6.49,broken clouds
647,Bacolod,PH,10.6667,122.95,77.83,84,98,11.01,overcast clouds
648,Hailar,CN,49.2,119.7,-20.4,90,26,8.37,scattered clouds
649,Springbok,ZA,-29.6643,17.8865,64.22,51,7,4.41,clear sky
650,Price,US,39.5994,-110.8107,36.12,23,0,3.44,clear sky
651,Eyl,SO,7.9803,49.8164,77.54,79,8,13.2,clear sky
652,Vanavara,RU,60.34,102.2797,-1.75,97,100,5.57,overcast clouds
653,Conceicao Do Araguaia,BR,-8.2578,-49.2647,76.14,91,96,3.56,overcast clouds
654,Estancia,BR,-11.2683,-37.4383,73.49,94,98,7.23,moderate rain
655,Uinskoye,RU,56.8817,56.5813,7.72,97,96,1.3,overcast clouds
656,Matamoros,MX,25.5333,-103.25,77.11,22,40,6.91,scattered clouds
657,Havoysund,NO,70.9963,24.6622,35.83,82,80,7.31,broken clouds
658,Thunder Bay,CA,48.4001,-89.3168,23.04,74,100,22.62,overcast clouds
659,Nuevo Progreso,MX,23.1667,-97.95,79.47,70,47,5.99,scattered clouds
660,Mocuba,MZ,-16.8392,36.9856,66.88,97,89,2.51,overcast clouds
661,Nabire,ID,-3.3667,135.4833,73.99,95,100,4.61,overcast clouds
662,Narayanavanam,IN,13.4167,79.5833,72.32,92,56,3.11,broken clouds
663,San Policarpo,PH,12.1791,125.5072,81.68,82,92,16.02,overcast clouds
664,Cravo Norte,CO,6.3017,-70.2041,83.61,66,37,10.47,scattered clouds
665,Briancon,FR,44.9,6.65,34.63,91,80,3.02,broken clouds
666,Cabedelo,BR,-6.9811,-34.8339,81.27,69,97,11.03,overcast clouds
667,Chivolo,CO,10.025,-74.6228,83.8,70,67,2.95,light rain
668,Tres Arroyos,AR,-38.3739,-60.2798,65.3,47,100,17.69,overcast clouds
669,Birin,NP,26.8865,88.0718,49.68,72,91,4.56,overcast clouds
670,Nybro,SE,56.7446,15.9071,37.04,86,100,3.96,overcast clouds
671,Terney,RU,45.0503,136.6092,4.35,70,52,12.06,broken clouds
672,Calabozo,VE,8.9242,-67.4293,80.28,66,79,5.93,broken clouds
673,Port Macquarie,AU,-31.4333,152.9167,60.89,64,100,3.85,overcast clouds
674,Eenhana,NA,-17.4667,16.3333,80.04,34,75,6.13,broken clouds
675,Ndjole,GA,-0.1783,10.7649,76.17,91,78,3.27,light rain
676,Damara,CF,4.9608,18.7035,72.59,89,93,4.83,overcast clouds
677,Mpongwe,ZM,-13.5091,28.155,65.01,91,92,5.57,overcast clouds
678,Mackay,AU,-21.15,149.2,69.67,86,100,10.0,overcast clouds
679,Areosa,PT,41.7178,-8.8571,53.04,85,100,5.5,overcast clouds
680,Vao,NC,-22.6667,167.4833,77.68,84,88,6.73,overcast clouds
681,Bereznik,RU,62.8551,42.7072,9.54,97,75,1.61,broken clouds
682,Naantali,FI,60.4674,22.0243,35.85,93,75,3.44,broken clouds
683,Rancho Palos Verdes,US,33.7445,-118.387,65.41,72,75,11.5,broken clouds
684,Sisimiut,GL,66.9395,-53.6735,17.08,85,100,27.65,overcast clouds
685,Pandan,PH,14.0453,124.1694,80.19,86,99,15.93,overcast clouds
686,Nkoteng,CM,4.5167,12.0333,73.18,76,49,0.76,scattered clouds
687,Whitehorse,CA,60.7161,-135.0538,-12.23,77,40,10.36,scattered clouds
688,Nan,TH,18.8333,100.6667,69.58,98,100,1.25,overcast clouds
689,Carutapera,BR,-1.195,-46.02,79.32,75,99,6.6,light rain
690,Sokolo,ML,14.7328,-6.1219,84.42,13,100,7.07,overcast clouds
691,Toamasina,MG,-18.1667,49.3833,73.69,85,20,4.18,few clouds
692,Samfya,ZM,-11.3649,29.5565,66.29,89,67,6.35,light rain
693,Luau,AO,-10.7073,22.2247,62.96,97,85,2.21,moderate rain
694,Fengrun,CN,39.8333,118.1167,15.84,25,0,2.3,clear sky
695,Bahadurgarh,IN,28.6833,76.9167,57.31,34,0,4.07,clear sky
696,Cantagallo,CO,7.376,-73.9196,83.25,75,94,2.06,overcast clouds
697,San Cristobal,VE,7.7669,-72.225,71.78,73,49,5.55,scattered clouds
698,Muisne,EC,0.6,-80.0333,77.41,76,66,11.12,broken clouds
699,Soe,ID,-9.8607,124.284,66.18,90,100,2.53,overcast clouds
700,Durres,AL,41.3231,19.4414,48.38,68,100,8.59,overcast clouds
